<?xml version="1.0" encoding="UTF-8"?>
<project-private xmlns="http://www.netbeans.org/ns/project-private/1">
    <editor-bookmarks xmlns="http://www.netbeans.org/ns/editor-bookmarks/2" lastBookmarkId="0"/>
    <open-files xmlns="http://www.netbeans.org/ns/projectui-open-files/2">
        <group>
            <file>file:/F:/Users/user/Desktop/Cláudio/TrabalhoPoo/src/siciliano/Adm.java</file>
            <file>file:/F:/Users/user/Desktop/Cláudio/TrabalhoPoo/src/siciliano/Cliente.java</file>
            <file>file:/F:/Users/user/Desktop/Cláudio/TrabalhoPoo/src/siciliano/Jogo.java</file>
            <file>file:/F:/Users/user/Desktop/Cláudio/TrabalhoPoo/src/siciliano/Cd.java</file>
            <file>file:/F:/Users/user/Desktop/Cláudio/TrabalhoPoo/src/siciliano/Teste.java</file>
            <file>file:/F:/Users/user/Desktop/Cláudio/TrabalhoPoo/src/siciliano/Livraria.java</file>
            <file>file:/F:/Users/user/Desktop/Cláudio/TrabalhoPoo/src/siciliano/GuiAdm.java</file>
            <file>file:/F:/Users/user/Desktop/Cláudio/TrabalhoPoo/src/siciliano/Produto.java</file>
            <file>file:/F:/Users/user/Desktop/Cláudio/TrabalhoPoo/src/siciliano/Livro.java</file>
        </group>
    </open-files>
</project-private>
